행정구역별(1),행정구역별(2),17신혼 수,17신혼증감,17신혼증감률,18신혼 수,18신혼증감,18신혼증감률,19신혼 수,19신혼증감,19신혼증감률,20신혼 수,20신혼증감,20신혼증감률,21신혼 수,21신혼증감,21신혼증감률
행정구역별(1),행정구역별(2),원데이터,전년 대비 증감,증감률,원데이터,전년 대비 증감,증감률,원데이터,전년 대비 증감,증감률,원데이터,전년 대비 증감,증감률,원데이터,전년 대비 증감,증감률
전국,소계,1103270,-47861,-4.2,1052352,-50918,-4.6,998365,-53987,-5.1,938080,-60285,-6.0,871428,-66652,-7.1
서울특별시,소계,225322,-12356,-5.2,211434,-13888,-6.2,199294,-12140,-5.7,188790,-10504,-5.3,172850,-15940,-8.4
서울특별시,종로구,2614,37,1.4,2601,-13,-0.5,2315,-286,-11.0,2089,-226,-9.8,1851,-238,-11.4
서울특별시,중구,2970,-41,-1.4,3003,33,1.1,2822,-181,-6.0,2698,-124,-4.4,2421,-277,-10.3
서울특별시,용산구,5255,-267,-4.8,5261,6,0.1,5004,-257,-4.9,4762,-242,-4.8,4622,-140,-2.9
서울특별시,성동구,8809,392,4.7,8851,42,0.5,8292,-559,-6.3,7630,-662,-8.0,6754,-876,-11.5
서울특별시,광진구,8756,-384,-4.2,8184,-572,-6.5,7462,-722,-8.8,6557,-905,-12.1,5806,-751,-11.5
서울특별시,동대문구,6951,-559,-7.4,6880,-71,-1.0,6668,-212,-3.1,6315,-353,-5.3,5839,-476,-7.5
서울특별시,중랑구,9270,-320,-3.3,8770,-500,-5.4,8044,-726,-8.3,7760,-284,-3.5,7444,-316,-4.1
서울특별시,성북구,8646,-647,-7.0,8034,-612,-7.1,8134,100,1.2,7930,-204,-2.5,7371,-559,-7.0
서울특별시,강북구,5526,-403,-6.8,5026,-500,-9.0,4636,-390,-7.8,4274,-362,-7.8,3800,-474,-11.1
서울특별시,도봉구,6413,-562,-8.1,5866,-547,-8.5,5307,-559,-9.5,4828,-479,-9.0,4340,-488,-10.1
서울특별시,노원구,11775,-1185,-9.1,10505,-1270,-10.8,9512,-993,-9.5,8926,-586,-6.2,8524,-402,-4.5
서울특별시,은평구,10575,-977,-8.5,9923,-652,-6.2,9551,-372,-3.7,9330,-221,-2.3,8497,-833,-8.9
서울특별시,서대문구,6677,-365,-5.2,6161,-516,-7.7,5933,-228,-3.7,6045,112,1.9,5294,-751,-12.4
서울특별시,마포구,10300,-767,-6.9,9625,-675,-6.6,8980,-645,-6.7,8359,-621,-6.9,7505,-854,-10.2
서울특별시,양천구,9285,-701,-7.0,8521,-764,-8.2,7673,-848,-10.0,7204,-469,-6.1,6498,-706,-9.8
서울특별시,강서구,17524,-388,-2.2,16258,-1266,-7.2,14976,-1282,-7.9,13416,-1560,-10.4,12055,-1361,-10.1
서울특별시,구로구,10473,-1097,-9.5,9831,-642,-6.1,9559,-272,-2.8,9472,-87,-0.9,8548,-924,-9.8
서울특별시,금천구,4967,1,0.0,4663,-304,-6.1,4474,-189,-4.1,4225,-249,-5.6,4043,-182,-4.3
서울특별시,영등포구,10278,-287,-2.7,10025,-253,-2.5,9578,-447,-4.5,9959,381,4.0,9412,-547,-5.5
서울특별시,동작구,9872,-717,-6.8,8939,-933,-9.5,8513,-426,-4.8,7769,-744,-8.7,7032,-737,-9.5
서울특별시,관악구,11167,-861,-7.2,10454,-713,-6.4,9429,-1025,-9.8,8483,-946,-10.0,7389,-1094,-12.9
서울특별시,서초구,9950,-1038,-9.4,9024,-926,-9.3,8512,-512,-5.7,7695,-817,-9.6,6930,-765,-9.9
서울특별시,강남구,10449,-1276,-10.9,9358,-1091,-10.4,8784,-574,-6.1,8044,-740,-8.4,7206,-838,-10.4
서울특별시,송파구,17008,267,1.6,16546,-462,-2.7,16151,-395,-2.4,14665,-1486,-9.2,13184,-1481,-10.1
서울특별시,강동구,9816,-213,-2.1,9130,-686,-7.0,8992,-138,-1.5,10361,1369,15.2,10493,132,1.3
부산광역시,소계,67310,-4103,-5.7,62331,-4979,-7.4,57847,-4484,-7.2,54379,-3468,-6.0,50222,-4157,-7.6
부산광역시,중구,559,-68,-10.8,496,-63,-11.3,416,-80,-16.1,337,-79,-19.0,346,9,2.7
부산광역시,서구,1449,-155,-9.7,1406,-43,-3.0,1293,-113,-8.0,1248,-45,-3.5,1148,-100,-8.0
부산광역시,동구,1123,-60,-5.1,1101,-22,-2.0,1224,123,11.2,1409,185,15.1,1345,-64,-4.5
부산광역시,영도구,1435,-193,-11.9,1284,-151,-10.5,1170,-114,-8.9,996,-174,-14.9,993,-3,-0.3
부산광역시,부산진구,7497,-429,-5.4,6703,-794,-10.6,6009,-694,-10.4,5883,-126,-2.1,5709,-174,-3.0
부산광역시,동래구,4661,-267,-5.4,4416,-245,-5.3,4550,134,3.0,4522,-28,-0.6,4006,-516,-11.4
부산광역시,남구,4343,-494,-10.2,4499,156,3.6,4187,-312,-6.9,3583,-604,-14.4,3135,-448,-12.5
부산광역시,북구,6417,-519,-7.5,5604,-813,-12.7,4911,-693,-12.4,4593,-318,-6.5,4521,-72,-1.6
부산광역시,해운대구,7126,-913,-11.4,6596,-530,-7.4,6194,-402,-6.1,5763,-431,-7.0,5505,-258,-4.5
부산광역시,사하구,6713,-270,-3.9,6130,-583,-8.7,5451,-679,-11.1,4697,-754,-13.8,4259,-438,-9.3
부산광역시,금정구,3673,-220,-5.7,3550,-123,-3.3,3229,-321,-9.0,2825,-404,-12.5,2576,-249,-8.8
부산광역시,강서구,5259,636,13.8,4974,-285,-5.4,4735,-239,-4.8,4715,-20,-0.4,4353,-362,-7.7
부산광역시,연제구,4174,49,1.2,3960,-214,-5.1,4113,153,3.9,4037,-76,-1.8,3478,-559,-13.8
부산광역시,수영구,3691,-175,-4.5,3435,-256,-6.9,3242,-193,-5.6,3028,-214,-6.6,2720,-308,-10.2
부산광역시,사상구,4447,-447,-9.1,3877,-570,-12.8,3420,-457,-11.8,2958,-462,-13.5,2673,-285,-9.6
부산광역시,기장군,4749,-574,-10.8,4305,-444,-9.3,3708,-597,-13.9,3788,80,2.2,3458,-330,-8.7
대구광역시,소계,48531,-2066,-4.1,46563,-1968,-4.1,44108,-2455,-5.3,40722,-3386,-7.7,36807,-3915,-9.6
대구광역시,중구,1635,-183,-10.1,1745,110,6.7,1658,-87,-5.0,1436,-222,-13.4,1306,-130,-9.1
대구광역시,동구,7631,-344,-4.3,7609,-22,-0.3,7034,-575,-7.6,6372,-662,-9.4,5969,-403,-6.3
대구광역시,서구,2493,-488,-16.4,2153,-340,-13.6,1805,-348,-16.2,1569,-236,-13.1,1347,-222,-14.1
대구광역시,남구,2340,-287,-10.9,2088,-252,-10.8,1937,-151,-7.2,1808,-129,-6.7,1699,-109,-6.0
대구광역시,북구,9267,-483,-5.0,8920,-347,-3.7,8549,-371,-4.2,8197,-352,-4.1,7334,-863,-10.5
대구광역시,수성구,5931,-546,-8.4,5355,-576,-9.7,5053,-302,-5.6,4785,-268,-5.3,4473,-312,-6.5
대구광역시,달서구,10941,-1358,-11.0,10114,-827,-7.6,9723,-391,-3.9,8773,-950,-9.8,7720,-1053,-12.0
대구광역시,달성군,8295,1624,24.3,8580,285,3.4,8351,-229,-2.7,7785,-566,-6.8,6961,-824,-10.6
인천광역시,소계,64788,-3575,-5.2,61692,-3096,-4.8,57804,-3888,-6.3,52579,-5225,-9.0,49626,-2953,-5.6
인천광역시,중구,2653,-21,-0.8,2559,-94,-3.5,2995,436,17.0,2996,1,0.0,2931,-65,-2.2
인천광역시,동구,1281,-137,-9.7,1089,-192,-15.0,895,-194,-17.8,705,-190,-21.2,732,27,3.8
인천광역시,연수구,7375,-85,-1.1,7247,-128,-1.7,8164,917,12.7,8486,322,3.9,7898,-588,-6.9
인천광역시,남동구,11924,-650,-5.2,11350,-574,-4.8,10192,-1158,-10.2,9056,-1136,-11.1,8017,-1039,-11.5
인천광역시,부평구,12650,-960,-7.1,11349,-1301,-10.3,9808,-1541,-13.6,8417,-1391,-14.2,7860,-557,-6.6
인천광역시,계양구,6453,-615,-8.7,5628,-825,-12.8,4826,-802,-14.3,4205,-621,-12.9,4071,-134,-3.2
인천광역시,서구,12417,-1055,-7.8,13056,639,5.1,12426,-630,-4.8,11237,-1189,-9.6,10750,-487,-4.3
인천광역시,미추홀구,9058,-53,-0.6,8474,-584,-6.4,7586,-888,-10.5,6612,-974,-12.8,6541,-71,-1.1
인천광역시,강화군,604,-14,-2.3,600,-4,-0.7,618,18,3.0,601,-17,-2.8,577,-24,-4.0
인천광역시,옹진군,375,15,4.2,342,-33,-8.8,296,-46,-13.5,265,-31,-10.5,251,-14,-5.3
광주광역시,소계,30488,-1513,-4.7,28782,-1706,-5.6,27255,-1527,-5.3,25479,-1776,-6.5,23923,-1556,-6.1
광주광역시,동구,1634,-40,-2.4,1539,-95,-5.8,1703,164,10.7,1958,255,15.0,1976,18,0.9
광주광역시,서구,5986,-298,-4.7,5509,-477,-8.0,5136,-373,-6.8,4574,-562,-10.9,4073,-501,-11.0
광주광역시,남구,3872,-217,-5.3,3691,-181,-4.7,3570,-121,-3.3,3220,-350,-9.8,3062,-158,-4.9
광주광역시,북구,9408,-414,-4.2,9212,-196,-2.1,8392,-820,-8.9,7801,-591,-7.0,7444,-357,-4.6
광주광역시,광산구,9588,-544,-5.4,8833,-755,-7.9,8455,-378,-4.3,7928,-527,-6.2,7369,-559,-7.1
대전광역시,소계,32845,-1988,-5.7,30729,-2116,-6.4,28300,-2429,-7.9,26153,-2147,-7.6,24401,-1752,-6.7
대전광역시,동구,3989,-525,-11.6,3674,-315,-7.9,3492,-182,-5.0,3077,-415,-11.9,3117,40,1.3
대전광역시,중구,4267,-343,-7.4,3902,-365,-8.6,3497,-405,-10.4,3189,-308,-8.8,2907,-282,-8.8
대전광역시,서구,10752,-663,-5.8,10198,-554,-5.2,9625,-573,-5.6,8911,-714,-7.4,8253,-658,-7.4
대전광역시,유성구,10650,-51,-0.5,10068,-582,-5.5,9210,-858,-8.5,8679,-531,-5.8,7803,-876,-10.1
대전광역시,대덕구,3188,-405,-11.3,2889,-299,-9.4,2476,-413,-14.3,2299,-177,-7.1,2322,23,1.0
울산광역시,소계,28292,-1749,-5.8,26119,-2173,-7.7,24045,-2074,-7.9,21990,-2055,-8.5,19463,-2527,-11.5
울산광역시,중구,5222,-490,-8.6,4407,-815,-15.6,3740,-667,-15.1,3384,-356,-9.5,2905,-479,-14.2
울산광역시,남구,7470,-592,-7.3,6782,-688,-9.2,6144,-638,-9.4,5968,-176,-2.9,5435,-533,-8.9
울산광역시,동구,5256,-514,-8.9,4442,-814,-15.5,3599,-843,-19.0,2903,-696,-19.3,2361,-542,-18.7
울산광역시,북구,5965,152,2.6,6130,165,2.8,6390,260,4.2,5986,-404,-6.3,5320,-666,-11.1
울산광역시,울주군,4380,-305,-6.5,4360,-20,-0.5,4174,-186,-4.3,3750,-424,-10.2,3443,-307,-8.2
세종특별자치시,소계,9478,1064,12.6,10719,1241,13.1,11249,530,4.9,10668,-581,-5.2,10029,-639,-6.0
세종특별자치시,세종시,9478,1064,12.6,10719,1241,13.1,11249,530,4.9,10668,-581,-5.2,10029,-639,-6.0
경기도,소계,297749,-9378,-3.1,292197,-5552,-1.9,283212,-8985,-3.1,271785,-11427,-4.0,258971,-12814,-4.7
경기도,수원시,31520,-1388,-4.2,29671,-1849,-5.9,26817,-2854,-9.6,24781,-2036,-7.6,23385,-1396,-5.6
경기도,장안구,5770,-545,-8.6,5043,-727,-12.6,4370,-673,-13.3,3899,-471,-10.8,3917,18,0.5
경기도,권선구,10027,-340,-3.3,10185,158,1.6,8980,-1205,-11.8,8233,-747,-8.3,7403,-830,-10.1
경기도,팔달구,4126,-315,-7.1,3453,-673,-16.3,2935,-518,-15.0,2689,-246,-8.4,3188,499,18.6
경기도,영통구,11598,-188,-1.6,10991,-607,-5.2,10532,-459,-4.2,9961,-571,-5.4,8878,-1083,-10.9
경기도,성남시,22948,-1984,-8.0,20801,-2147,-9.4,18936,-1865,-9.0,18240,-696,-3.7,17184,-1056,-5.8
경기도,수정구,5323,-244,-4.4,4879,-444,-8.3,4691,-188,-3.9,4896,205,4.4,4525,-371,-7.6
경기도,중원구,4830,-641,-11.7,4304,-526,-10.9,3827,-477,-11.1,3758,-69,-1.8,3664,-94,-2.5
경기도,분당구,12795,-1100,-7.9,11619,-1176,-9.2,10418,-1201,-10.3,9587,-831,-8.0,8996,-591,-6.2
경기도,의정부시,8511,-328,-3.7,8610,99,1.2,8628,18,0.2,8383,-245,-2.8,8155,-228,-2.7
경기도,안양시,13942,-537,-3.7,12931,-1011,-7.3,12084,-847,-6.6,10875,-1209,-10.0,10493,-382,-3.5
경기도,만안구,5828,205,3.6,5452,-376,-6.5,4953,-499,-9.2,4520,-433,-8.7,4452,-68,-1.5
경기도,동안구,8115,-742,-8.4,7479,-636,-7.8,7131,-348,-4.7,6355,-776,-10.9,6042,-313,-4.9
경기도,부천시,19275,-599,-3.0,18155,-1120,-5.8,16336,-1819,-10.0,15074,-1262,-7.7,13850,-1224,-8.1
경기도,광명시,7812,-832,-9.6,7419,-393,-5.0,6659,-760,-10.2,5919,-740,-11.1,5441,-478,-8.1
경기도,평택시,11447,-163,-1.4,11455,8,0.1,11813,358,3.1,12098,285,2.4,12743,645,5.3
경기도,동두천시,1677,-194,-10.4,1533,-144,-8.6,1277,-256,-16.7,1248,-29,-2.3,1173,-75,-6.0
경기도,안산시,13110,-1107,-7.8,11765,-1345,-10.3,11117,-648,-5.5,10733,-384,-3.5,10257,-476,-4.4
경기도,상록구,7484,-604,-7.5,6503,-981,-13.1,5405,-1098,-16.9,5140,-265,-4.9,4898,-242,-4.7
경기도,단원구,5627,-502,-8.2,5262,-365,-6.5,5713,451,8.6,5594,-119,-2.1,5359,-235,-4.2
경기도,고양시,22170,-1192,-5.1,20627,-1543,-7.0,20762,135,0.7,20176,-586,-2.8,19308,-868,-4.3
경기도,덕양구,10616,-346,-3.2,10152,-464,-4.4,10658,506,5.0,10540,-118,-1.1,10332,-208,-2.0
경기도,일산동구,5784,-336,-5.5,5350,-434,-7.5,4910,-440,-8.2,4554,-356,-7.3,4319,-235,-5.2
경기도,일산서구,5771,-509,-8.1,5126,-645,-11.2,5194,68,1.3,5083,-111,-2.1,4657,-426,-8.4
경기도,과천시,923,-289,-23.8,969,46,5.0,1049,80,8.3,1265,216,20.6,1517,252,19.9
경기도,구리시,4280,162,3.9,4382,102,2.4,3882,-500,-11.4,3559,-323,-8.3,3302,-257,-7.2
경기도,남양주시,13325,-1073,-7.5,12855,-470,-3.5,12995,140,1.1,12168,-827,-6.4,12208,40,0.3
경기도,오산시,5576,-379,-6.4,5693,117,2.1,5503,-190,-3.3,5301,-202,-3.7,4671,-630,-11.9
경기도,시흥시,8996,520,6.1,10327,1331,14.8,11137,810,7.8,11552,415,3.7,11189,-363,-3.1
경기도,군포시,7371,-751,-9.2,6682,-689,-9.3,6226,-456,-6.8,5647,-579,-9.3,5195,-452,-8.0
경기도,의왕시,2976,-376,-11.2,2641,-335,-11.3,2942,301,11.4,3377,435,14.8,3201,-176,-5.2
경기도,하남시,6191,793,14.7,6414,223,3.6,7181,767,12.0,7321,140,1.9,7821,500,6.8
경기도,용인시,22868,-1238,-5.1,23003,135,0.6,23069,66,0.3,21940,-1129,-4.9,19876,-2064,-9.4
경기도,처인구,4598,-109,-2.3,5279,681,14.8,5095,-184,-3.5,4703,-392,-7.7,4341,-362,-7.7
경기도,기흥구,10132,-877,-8.0,9717,-415,-4.1,9859,142,1.5,9069,-790,-8.0,8196,-873,-9.6
경기도,수지구,8138,-253,-3.0,8007,-131,-1.6,8116,109,1.4,8169,53,0.7,7339,-830,-10.2
경기도,파주시,10712,-443,-4.0,11418,706,6.6,10835,-583,-5.1,9911,-924,-8.5,9655,-256,-2.6
경기도,이천시,5051,-106,-2.1,4798,-253,-5.0,4507,-291,-6.1,4211,-296,-6.6,4167,-44,-1.0
경기도,안성시,3506,-317,-8.3,3364,-142,-4.1,3167,-197,-5.9,2954,-213,-6.7,2872,-82,-2.8
경기도,김포시,10518,768,7.9,11639,1121,10.7,11147,-492,-4.2,11734,587,5.3,11330,-404,-3.4
경기도,화성시,21687,1492,7.4,23962,2275,10.5,25002,1040,4.3,24492,-510,-2.0,22775,-1717,-7.0
경기도,광주시,9766,333,3.5,10004,238,2.4,9492,-512,-5.1,8713,-779,-8.2,7761,-952,-10.9
경기도,양주시,4072,100,2.5,3993,-79,-1.9,4107,114,2.9,4207,100,2.4,3957,-250,-5.9
경기도,포천시,2359,-164,-6.5,2249,-110,-4.7,2022,-227,-10.1,1837,-185,-9.1,1754,-83,-4.5
경기도,여주시,1849,-72,-3.7,1702,-147,-8.0,1602,-100,-5.9,1444,-158,-9.9,1344,-100,-6.9
경기도,연천군,801,-37,-4.4,751,-50,-6.2,705,-46,-6.1,644,-61,-8.7,569,-75,-11.6
경기도,가평군,894,-26,-2.8,866,-28,-3.1,828,-38,-4.4,706,-122,-14.7,640,-66,-9.3
경기도,양평군,1621,47,3.0,1524,-97,-6.0,1391,-133,-8.7,1285,-106,-7.6,1187,-98,-7.6
강원도,소계,26836,-808,-2.9,26089,-747,-2.8,25484,-605,-2.3,24377,-1107,-4.3,23046,-1331,-5.5
강원도,춘천시,5462,-106,-1.9,5337,-125,-2.3,5175,-162,-3.0,5030,-145,-2.8,4851,-179,-3.6
강원도,원주시,6775,-71,-1.0,6646,-129,-1.9,6743,97,1.5,6629,-114,-1.7,6411,-218,-3.3
강원도,강릉시,3401,-106,-3.0,3260,-141,-4.1,3307,47,1.4,3182,-125,-3.8,3079,-103,-3.2
강원도,동해시,1600,-81,-4.8,1453,-147,-9.2,1359,-94,-6.5,1325,-34,-2.5,1257,-68,-5.1
강원도,태백시,619,-57,-8.4,576,-43,-6.9,520,-56,-9.7,464,-56,-10.8,394,-70,-15.1
강원도,속초시,1435,-64,-4.3,1365,-70,-4.9,1341,-24,-1.8,1371,30,2.2,1251,-120,-8.8
강원도,삼척시,937,-80,-7.9,1032,95,10.1,993,-39,-3.8,887,-106,-10.7,770,-117,-13.2
강원도,홍천군,1059,-42,-3.8,1014,-45,-4.2,889,-125,-12.3,817,-72,-8.1,751,-66,-8.1
강원도,횡성군,437,-36,-7.6,452,15,3.4,450,-2,-0.4,406,-44,-9.8,370,-36,-8.9
강원도,영월군,414,-6,-1.4,382,-32,-7.7,362,-20,-5.2,342,-20,-5.5,307,-35,-10.2
강원도,평창군,532,-10,-1.8,496,-36,-6.8,452,-44,-8.9,382,-70,-15.5,329,-53,-13.9
강원도,정선군,509,-29,-5.4,479,-30,-5.9,453,-26,-5.4,352,-101,-22.3,313,-39,-11.1
강원도,철원군,980,-35,-3.4,1009,29,3.0,938,-71,-7.0,888,-50,-5.3,819,-69,-7.8
강원도,화천군,649,-44,-6.3,619,-30,-4.6,581,-38,-6.1,569,-12,-2.1,495,-74,-13.0
강원도,양구군,577,-7,-1.2,581,4,0.7,557,-24,-4.1,495,-62,-11.1,445,-50,-10.1
강원도,인제군,815,5,0.6,765,-50,-6.1,730,-35,-4.6,685,-45,-6.2,670,-15,-2.2
강원도,고성군,347,-31,-8.2,336,-11,-3.2,324,-12,-3.6,261,-63,-19.4,257,-4,-1.5
강원도,양양군,292,-9,-3.0,291,-1,-0.3,314,23,7.9,297,-17,-5.4,281,-16,-5.4
충청북도,소계,31498,-1307,-4.0,29965,-1533,-4.9,28831,-1134,-3.8,27209,-1622,-5.6,25299,-1910,-7.0
충청북도,충주시,3565,-77,-2.1,3498,-67,-1.9,3414,-84,-2.4,3278,-136,-4.0,3061,-217,-6.6
충청북도,제천시,2130,-100,-4.5,2030,-100,-4.7,1940,-90,-4.4,1791,-149,-7.7,1579,-212,-11.8
충청북도,청주시,19494,-1048,-5.1,18382,-1112,-5.7,17706,-676,-3.7,16958,-748,-4.2,16093,-865,-5.1
충청북도,상당구,2734,-325,-10.6,2750,16,0.6,2721,-29,-1.1,3204,483,17.8,3310,106,3.3
충청북도,서원구,4331,-244,-5.3,3796,-535,-12.4,3327,-469,-12.4,2885,-442,-13.3,2675,-210,-7.3
충청북도,흥덕구,6211,-328,-5.0,5804,-407,-6.6,6170,366,6.3,6107,-63,-1.0,5725,-382,-6.3
충청북도,청원구,6218,-151,-2.4,6033,-185,-3.0,5488,-545,-9.0,4763,-725,-13.2,4383,-380,-8.0
충청북도,보은군,391,4,1.0,353,-38,-9.7,314,-39,-11.0,249,-65,-20.7,211,-38,-15.3
충청북도,옥천군,505,-77,-13.2,494,-11,-2.2,438,-56,-11.3,393,-45,-10.3,372,-21,-5.3
충청북도,영동군,537,5,0.9,529,-8,-1.5,508,-21,-4.0,428,-80,-15.7,342,-86,-20.1
충청북도,진천군,1565,244,18.5,1697,132,8.4,1786,89,5.2,1769,-17,-1.0,1642,-127,-7.2
충청북도,괴산군,330,-25,-7.0,311,-19,-5.8,309,-2,-0.6,277,-32,-10.4,228,-49,-17.7
충청북도,음성군,1726,-198,-10.3,1549,-177,-10.3,1381,-168,-10.8,1154,-227,-16.4,963,-191,-16.6
충청북도,단양군,287,-13,-4.3,272,-15,-5.2,266,-6,-2.2,218,-48,-18.0,192,-26,-11.9
충청북도,증평군,971,-22,-2.2,852,-119,-12.3,771,-81,-9.5,696,-75,-9.7,618,-78,-11.2
충청남도,소계,44519,-1179,-2.6,42820,-1699,-3.8,40519,-2301,-5.4,37316,-3203,-7.9,34004,-3312,-8.9
충청남도,천안시,16869,-28,-0.2,16840,-29,-0.2,16268,-572,-3.4,15733,-535,-3.3,14149,-1584,-10.1
충청남도,동남구,5030,-733,-12.7,4925,-105,-2.1,4852,-73,-1.5,4571,-281,-5.8,4044,-527,-11.5
충청남도,서북구,11840,706,6.3,11915,75,0.6,11417,-498,-4.2,11162,-255,-2.2,10106,-1056,-9.5
충청남도,공주시,1288,-69,-5.1,1230,-58,-4.5,1163,-67,-5.4,1058,-105,-9.0,988,-70,-6.6
충청남도,보령시,1447,-65,-4.3,1342,-105,-7.3,1262,-80,-6.0,1174,-88,-7.0,1055,-119,-10.1
충청남도,아산시,8917,-345,-3.7,8262,-655,-7.3,7673,-589,-7.1,6425,-1248,-16.3,6208,-217,-3.4
충청남도,서산시,3863,-115,-2.9,3882,19,0.5,3736,-146,-3.8,3508,-228,-6.1,3206,-302,-8.6
충청남도,논산시,1626,-46,-2.8,1535,-91,-5.6,1472,-63,-4.1,1351,-121,-8.2,1183,-168,-12.4
충청남도,계룡시,759,-4,-0.5,647,-112,-14.8,568,-79,-12.2,515,-53,-9.3,499,-16,-3.1
충청남도,당진시,4363,-214,-4.7,4074,-289,-6.6,3665,-409,-10.0,3243,-422,-11.5,2902,-341,-10.5
충청남도,금산군,526,-98,-15.7,477,-49,-9.3,418,-59,-12.4,382,-36,-8.6,320,-62,-16.2
충청남도,부여군,624,-33,-5.0,592,-32,-5.1,507,-85,-14.4,428,-79,-15.6,364,-64,-15.0
충청남도,서천군,504,-19,-3.6,463,-41,-8.1,402,-61,-13.2,363,-39,-9.7,318,-45,-12.4
충청남도,청양군,263,-47,-15.2,236,-27,-10.3,231,-5,-2.1,201,-30,-13.0,192,-9,-4.5
충청남도,홍성군,1933,3,0.2,1803,-130,-6.7,1730,-73,-4.0,1622,-108,-6.2,1434,-188,-11.6
충청남도,예산군,754,-42,-5.3,761,7,0.9,750,-11,-1.4,715,-35,-4.7,640,-75,-10.5
충청남도,태안군,787,-57,-6.8,681,-106,-13.5,675,-6,-0.9,601,-74,-11.0,550,-51,-8.5
전라북도,소계,30553,-1895,-5.8,28489,-2064,-6.8,26566,-1923,-6.7,24580,-1986,-7.5,22666,-1914,-7.8
전라북도,전주시,12689,-745,-5.5,12351,-338,-2.7,11956,-395,-3.2,11360,-596,-5.0,10711,-649,-5.7
전라북도,완산구,6780,-528,-7.2,5977,-803,-11.8,5291,-686,-11.5,5110,-181,-3.4,4662,-448,-8.8
전라북도,덕진구,5909,-217,-3.5,6374,465,7.9,6665,291,4.6,6250,-415,-6.2,6050,-200,-3.2
전라북도,군산시,5174,-559,-9.8,4647,-527,-10.2,4335,-312,-6.7,3857,-478,-11.0,3520,-337,-8.7
전라북도,익산시,4907,-245,-4.8,4411,-496,-10.1,3900,-511,-11.6,3380,-520,-13.3,3045,-335,-9.9
전라북도,정읍시,1352,-60,-4.2,1250,-102,-7.5,1118,-132,-10.6,1054,-64,-5.7,947,-107,-10.2
전라북도,남원시,998,-44,-4.2,931,-67,-6.7,893,-38,-4.1,884,-9,-1.0,774,-110,-12.4
전라북도,김제시,976,-25,-2.5,848,-128,-13.1,732,-116,-13.7,684,-48,-6.6,655,-29,-4.2
전라북도,완주군,1861,-125,-6.3,1582,-279,-15.0,1260,-322,-20.4,1150,-110,-8.7,1083,-67,-5.8
전라북도,진안군,286,-19,-6.2,290,4,1.4,267,-23,-7.9,262,-5,-1.9,218,-44,-16.8
전라북도,무주군,241,-19,-7.3,234,-7,-2.9,242,8,3.4,220,-22,-9.1,212,-8,-3.6
전라북도,장수군,227,-23,-9.2,211,-16,-7.0,218,7,3.3,211,-7,-3.2,177,-34,-16.1
전라북도,임실군,324,28,9.5,330,6,1.9,311,-19,-5.8,289,-22,-7.1,268,-21,-7.3
전라북도,순창군,365,-8,-2.1,355,-10,-2.7,333,-22,-6.2,294,-39,-11.7,222,-72,-24.5
전라북도,고창군,584,-26,-4.3,535,-49,-8.4,529,-6,-1.1,479,-50,-9.5,432,-47,-9.8
전라북도,부안군,573,-25,-4.2,517,-56,-9.8,475,-42,-8.1,459,-16,-3.4,404,-55,-12.0
전라남도,소계,31053,-1293,-4.0,29011,-2042,-6.6,27441,-1570,-5.4,25611,-1830,-6.7,23618,-1993,-7.8
전라남도,목포시,4223,-432,-9.3,3851,-372,-8.8,3502,-349,-9.1,3008,-494,-14.1,2626,-382,-12.7
전라남도,여수시,5436,-177,-3.2,5011,-425,-7.8,4636,-375,-7.5,4305,-331,-7.1,3882,-423,-9.8
전라남도,순천시,5282,-181,-3.3,5188,-94,-1.8,5180,-8,-0.2,4920,-260,-5.0,4675,-245,-5.0
전라남도,나주시,2647,346,15.0,2607,-40,-1.5,2465,-142,-5.4,2379,-86,-3.5,2312,-67,-2.8
전라남도,광양시,3400,-118,-3.4,3162,-238,-7.0,2936,-226,-7.1,2687,-249,-8.5,2504,-183,-6.8
전라남도,담양군,524,-29,-5.2,492,-32,-6.1,475,-17,-3.5,436,-39,-8.2,431,-5,-1.1
전라남도,곡성군,277,-17,-5.8,247,-30,-10.8,219,-28,-11.3,186,-33,-15.1,157,-29,-15.6
전라남도,구례군,261,-21,-7.4,239,-22,-8.4,215,-24,-10.0,183,-32,-14.9,155,-28,-15.3
전라남도,고흥군,515,-10,-1.9,490,-25,-4.9,506,16,3.3,508,2,0.4,438,-70,-13.8
전라남도,보성군,421,-29,-6.4,383,-38,-9.0,331,-52,-13.6,271,-60,-18.1,237,-34,-12.5
전라남도,화순군,683,-48,-6.6,624,-59,-8.6,582,-42,-6.7,570,-12,-2.1,557,-13,-2.3
전라남도,장흥군,402,-23,-5.4,400,-2,-0.5,392,-8,-2.0,373,-19,-4.8,338,-35,-9.4
전라남도,강진군,398,-39,-8.9,382,-16,-4.0,358,-24,-6.3,308,-50,-14.0,267,-41,-13.3
전라남도,해남군,984,-159,-13.9,910,-74,-7.5,839,-71,-7.8,788,-51,-6.1,653,-135,-17.1
전라남도,영암군,905,-136,-13.1,780,-125,-13.8,699,-81,-10.4,619,-80,-11.4,486,-133,-21.5
전라남도,무안군,1525,-60,-3.8,1378,-147,-9.6,1231,-147,-10.7,1369,138,11.2,1591,222,16.2
전라남도,함평군,319,-16,-4.8,276,-43,-13.5,259,-17,-6.2,225,-34,-13.1,178,-47,-20.9
전라남도,영광군,747,-35,-4.5,705,-42,-5.6,805,100,14.2,843,38,4.7,744,-99,-11.7
전라남도,장성군,647,13,2.1,585,-62,-9.6,554,-31,-5.3,491,-63,-11.4,418,-73,-14.9
전라남도,완도군,677,-84,-11.0,591,-86,-12.7,596,5,0.8,559,-37,-6.2,461,-98,-17.5
전라남도,진도군,354,-20,-5.3,329,-25,-7.1,333,4,1.2,298,-35,-10.5,273,-25,-8.4
전라남도,신안군,430,-19,-4.2,386,-44,-10.2,336,-50,-13.0,293,-43,-12.8,241,-52,-17.7
경상북도,소계,50258,-2716,-5.1,46630,-3628,-7.2,43290,-3340,-7.2,39565,-3725,-8.6,36052,-3513,-8.9
경상북도,포항시,10611,-654,-5.8,9590,-1021,-9.6,8763,-827,-8.6,8078,-685,-7.8,7476,-602,-7.5
경상북도,남구,5064,-423,-7.7,4469,-595,-11.7,4034,-435,-9.7,3446,-588,-14.6,3098,-348,-10.1
경상북도,북구,5547,-231,-4.0,5121,-426,-7.7,4729,-392,-7.7,4632,-97,-2.1,4378,-254,-5.5
경상북도,경주시,4036,-262,-6.1,3816,-220,-5.5,3584,-232,-6.1,3326,-258,-7.2,3212,-114,-3.4
경상북도,김천시,2674,-6,-0.2,2482,-192,-7.2,2347,-135,-5.4,2182,-165,-7.0,1981,-201,-9.2
경상북도,안동시,2803,-200,-6.7,2562,-241,-8.6,2332,-230,-9.0,2141,-191,-8.2,1981,-160,-7.5
경상북도,구미시,11482,-453,-3.8,10760,-722,-6.3,9896,-864,-8.0,9178,-718,-7.3,8161,-1017,-11.1
경상북도,영주시,1482,-65,-4.2,1379,-103,-7.0,1259,-120,-8.7,1144,-115,-9.1,1042,-102,-8.9
경상북도,영천시,1432,-60,-4.0,1330,-102,-7.1,1383,53,4.0,1294,-89,-6.4,1239,-55,-4.3
경상북도,상주시,1165,-81,-6.5,1104,-61,-5.2,1031,-73,-6.6,941,-90,-8.7,827,-114,-12.1
경상북도,문경시,921,-78,-7.8,821,-100,-10.9,768,-53,-6.5,699,-69,-9.0,629,-70,-10.0
경상북도,경산시,5943,-344,-5.5,5544,-399,-6.7,5211,-333,-6.0,4743,-468,-9.0,4514,-229,-4.8
경상북도,군위군,201,-8,-3.8,194,-7,-3.5,166,-28,-14.4,134,-32,-19.3,114,-20,-14.9
경상북도,의성군,435,-38,-8.0,400,-35,-8.0,443,43,10.8,400,-43,-9.7,321,-79,-19.8
경상북도,청송군,297,-10,-3.3,252,-45,-15.2,211,-41,-16.3,207,-4,-1.9,196,-11,-5.3
경상북도,영양군,175,-21,-10.7,163,-12,-6.9,166,3,1.8,146,-20,-12.0,116,-30,-20.5
경상북도,영덕군,396,-14,-3.4,392,-4,-1.0,384,-8,-2.0,330,-54,-14.1,250,-80,-24.2
경상북도,청도군,341,-34,-9.1,302,-39,-11.4,295,-7,-2.3,271,-24,-8.1,217,-54,-19.9
경상북도,고령군,370,-41,-10.0,320,-50,-13.5,274,-46,-14.4,218,-56,-20.4,185,-33,-15.1
경상북도,성주군,509,-13,-2.5,455,-54,-10.6,410,-45,-9.9,395,-15,-3.7,358,-37,-9.4
경상북도,칠곡군,3046,-352,-10.4,2703,-343,-11.3,2299,-404,-14.9,1769,-530,-23.1,1461,-308,-17.4
경상북도,예천군,658,89,15.6,883,225,34.2,953,70,7.9,960,7,0.7,911,-49,-5.1
경상북도,봉화군,335,-12,-3.5,312,-23,-6.9,281,-31,-9.9,226,-55,-19.6,169,-57,-25.2
경상북도,울진군,814,-54,-6.2,737,-77,-9.5,722,-15,-2.0,692,-30,-4.2,605,-87,-12.6
경상북도,울릉군,137,-7,-4.9,135,-2,-1.5,116,-19,-14.1,98,-18,-15.5,92,-6,-6.1
경상남도,소계,70203,-2988,-4.1,65504,-4699,-6.7,60469,-5035,-7.7,54844,-5625,-9.3,49200,-5644,-10.3
경상남도,진주시,6917,-147,-2.1,6533,-384,-5.6,6387,-146,-2.2,6008,-379,-5.9,5782,-226,-3.8
경상남도,통영시,2303,-402,-14.9,2005,-298,-12.9,1709,-296,-14.8,1482,-227,-13.3,1233,-249,-16.8
경상남도,사천시,2073,-146,-6.6,1978,-95,-4.6,1713,-265,-13.4,1570,-143,-8.3,1447,-123,-7.8
경상남도,김해시,11867,-561,-4.5,11077,-790,-6.7,10913,-164,-1.5,10497,-416,-3.8,9338,-1159,-11.0
경상남도,밀양시,1345,-99,-6.9,1223,-122,-9.1,1118,-105,-8.6,1022,-96,-8.6,911,-111,-10.9
경상남도,거제시,8024,-930,-10.4,7003,-1021,-12.7,5873,-1130,-16.1,4705,-1168,-19.9,3703,-1002,-21.3
경상남도,양산시,9356,943,11.2,9320,-36,-0.4,8428,-892,-9.6,7622,-806,-9.6,6915,-707,-9.3
경상남도,창원시,22850,-1293,-5.4,21536,-1314,-5.8,20009,-1527,-7.1,18151,-1858,-9.3,16655,-1496,-8.2
경상남도,의창구,5376,-237,-4.2,5165,-211,-3.9,5200,35,0.7,5208,8,0.2,3842,-1366,-26.2
경상남도,성산구,5246,-380,-6.8,5231,-15,-0.3,4806,-425,-8.1,3959,-847,-17.6,4283,324,8.2
경상남도,마산합포구,3506,-84,-2.3,3314,-192,-5.5,2958,-356,-10.7,2584,-374,-12.6,2792,208,8.0
경상남도,마산회원구,3554,-439,-11.0,3032,-522,-14.7,2684,-348,-11.5,2585,-99,-3.7,2289,-296,-11.5
경상남도,진해구,5169,-153,-2.9,4796,-373,-7.2,4361,-435,-9.1,3816,-545,-12.5,3450,-366,-9.6
경상남도,의령군,243,-12,-4.7,223,-20,-8.2,204,-19,-8.5,194,-10,-4.9,172,-22,-11.3
경상남도,함안군,1088,-95,-8.0,923,-165,-15.2,776,-147,-15.9,617,-159,-20.5,507,-110,-17.8
경상남도,창녕군,854,-3,-0.4,790,-64,-7.5,739,-51,-6.5,630,-109,-14.7,499,-131,-20.8
경상남도,고성군,608,-63,-9.4,479,-129,-21.2,408,-71,-14.8,328,-80,-19.6,271,-57,-17.4
경상남도,남해군,330,-9,-2.7,299,-31,-9.4,276,-23,-7.7,266,-10,-3.6,257,-9,-3.4
경상남도,하동군,439,-55,-11.1,389,-50,-11.4,337,-52,-13.4,284,-53,-15.7,222,-62,-21.8
경상남도,산청군,333,-28,-7.8,320,-13,-3.9,274,-46,-14.4,239,-35,-12.8,203,-36,-15.1
경상남도,함양군,384,-28,-6.8,344,-40,-10.4,319,-25,-7.3,298,-21,-6.6,266,-32,-10.7
경상남도,거창군,801,-45,-5.3,724,-77,-9.6,671,-53,-7.3,629,-42,-6.3,573,-56,-8.9
경상남도,합천군,393,-15,-3.7,342,-51,-13.0,321,-21,-6.1,306,-15,-4.7,251,-55,-18.0
제주특별자치도,소계,13552,-11,-0.1,13280,-272,-2.0,12656,-624,-4.7,12037,-619,-4.9,11256,-781,-6.5
제주특별자치도,제주시,10383,-172,-1.6,10125,-258,-2.5,9635,-490,-4.8,9260,-375,-3.9,8648,-612,-6.6
제주특별자치도,서귀포시,3170,162,5.4,3156,-14,-0.4,3021,-135,-4.3,2777,-244,-8.1,2608,-169,-6.1
